query_id,raw_query,corrected_query,frequency,event,category,clicked_product_ids
Q000001,samsung,samsung,1460,view_details,Electronics,"P12857, P10383, P11555, P14835, P13550, P14120"
Q000002,apple,apple,565,click,Electronics,"P10573, P13352"
Q000003,nike,nike,911,search,Fashion,"P14427, P13719"
Q000004,adidas,adidas,748,view_details,Fashion,"P12110, P14658, P11264, P11382, P10320, P13697, P12032"
Q000005,sony,sony,1914,search,Electronics,"P13218, P11044, P10309, P11074, P11038, P14798"
Q000006,oneplus,oneplus,1124,add_to_cart,Electronics,"P13032, P10784, P11585, P10582, P14911"
Q000007,xiaomi,xiaomi,1115,search,Electronics,"P14307, P12532, P13942, P10344, P13854"
Q000008,vivo,vivo,822,search,Electronics,"P11970, P10149, P11497, P10703, P12919, P13309, P10245, P10855"
Q000009,oppo,oppo,1205,search,Electronics,"P13870, P13312, P12770, P14993, P14175"
Q000010,realme,realme,1946,click,Electronics,"P13283, P11314, P10554, P10356, P12579, P11299, P10251, P13546"
Q000011,dell,dell,725,click,Electronics,P13429
Q000012,hp,hp,616,search,Electronics,"P10847, P11595, P14506, P13621, P11998, P12349, P11843"
Q000013,lenovo,lenovo,724,click,Electronics,"P10635, P10760, P10169, P11024, P11872, P12555, P13589, P13750"
Q000014,asus,asus,1881,search,Electronics,"P13849, P11111, P14686, P10411, P11336"
Q000015,lg,lg,678,add_to_cart,Electronics,"P11774, P14641"
Q000016,boat,boat,590,click,Electronics,"P13649, P11094, P14627, P14912"
Q000017,jbl,jbl,1731,view_details,Electronics,"P13221, P12044, P11362, P11220, P10827, P10409, P14298, P10719"
Q000018,puma,puma,519,click,Fashion,"P12149, P10367, P14874, P11752, P10180"
Q000019,reebok,reebok,506,search,Fashion,"P14464, P11420, P13953, P11060, P10668"
Q000020,bata,bata,1247,click,Fashion,"P13177, P11971, P12394, P13258, P11435"
Q000021,zara,zara,923,search,Fashion,"P10738, P12087, P11283, P12878, P12474, P13165, P11994, P11892"
Q000022,hm,hm,1781,search,Fashion,"P13861, P11743, P10541"
Q000023,levis,levis,1400,add_to_cart,Fashion,"P13550, P14658, P13192, P13156, P10779, P12340"
Q000024,ikea,ikea,599,click,Fashion,"P13201, P10906, P12111, P11348, P13215, P13396"
Q000025,prestige,prestige,1851,search,Fashion,P12574
Q000026,samsng,samsung,241,view_details,Electronics,"P10069, P11701, P11805"
Q000027,aple,apple,194,click,Electronics,P10129
Q000028,nkie,nike,180,click,Fashion,"P14826, P13314, P10929, P12711"
Q000029,addidas,adidas,221,search,Fashion,"P11829, P12159, P11039, P14519, P14327"
Q000030,soney,sony,147,view_details,Electronics,"P14176, P12526"
Q000031,onepls,oneplus,222,search,Electronics,"P14794, P14133, P11433"
Q000032,xiomi,xiaomi,288,search,Electronics,P14019
Q000033,vvo,vivo,218,click,Electronics,"P10946, P10652, P13390, P12343, P14349, P14226, P13984, P14503"
Q000034,opo,oppo,80,search,Electronics,"P11851, P13990, P11861, P11490"
Q000035,realmi,realme,246,search,Electronics,"P12935, P11721, P12716"
Q000036,del,dell,172,view_details,Electronics,"P12585, P12304, P10051, P11423, P13826, P14366, P13372"
Q000037,lenvo,lenovo,82,click,Electronics,"P13410, P10340, P14046, P12261, P10605, P13425"
Q000038,asuss,asus,233,view_details,Electronics,"P10622, P11882"
Q000039,bot,boat,204,add_to_cart,Electronics,"P14614, P14242, P12246, P10729, P14542, P12761, P13012"
Q000040,jb,jbl,95,click,Electronics,"P10807, P14003, P12805, P10462"
Q000041,pma,puma,282,search,Fashion,P14755
Q000042,rebbok,reebok,248,view_details,Fashion,"P12115, P14579"
Q000043,zarra,zara,189,click,Fashion,P10611
Q000044,levis,levis,182,view_details,Fashion,"P11662, P12370, P14864, P11957, P14350"
Q000045,ikia,ikea,104,click,Fashion,"P10655, P11912, P12065, P12449, P11980, P14626, P10953, P12798"
Q000046,prestig,prestige,85,search,Fashion,"P13346, P14087, P12888, P11913"
Q000047,h p,hp,83,search,Electronics,"P13583, P12500, P12610, P13916, P12916"
Q000048,l g,lg,217,search,Electronics,"P11298, P10984, P11597, P11728, P14542, P13949, P13309"
Q000049,bta,bata,198,search,Fashion,P12525
Q000050,h m,hm,299,click,Fashion,"P14294, P12037, P10426, P10918, P14922, P10791"
Q000051,smartphone,smartphone,1384,click,Electronics,"P12429, P13582, P11842, P11023, P11509, P10524, P11226"
Q000052,mobile phone,mobile phone,811,view_details,Electronics,"P10661, P10009, P10404, P13237"
Q000053,laptop,laptop,1300,search,Electronics,"P14803, P12574, P10952"
Q000054,notebook,notebook,905,click,Electronics,"P14997, P10106, P14857, P11457, P10556"
Q000055,headphones,headphones,1160,click,Electronics,P10508
Q000056,earbuds,earbuds,458,search,Electronics,"P12006, P11060"
Q000057,tv,tv,652,view_details,Electronics,"P10603, P10847, P11222, P14820"
Q000058,television,television,647,search,Electronics,"P13793, P11387, P13806, P10105, P10108"
Q000059,shoes,shoes,349,search,Fashion,"P14154, P12929"
Q000060,sneakers,sneakers,1244,search,Fashion,"P12978, P10213, P12972"
Q000061,jeans,jeans,409,search,Fashion,P11803
Q000062,t shirt,t shirt,1226,view_details,Fashion,"P14198, P12624, P12985, P12967, P10193, P11468"
Q000063,shirt,shirt,719,search,Fashion,"P13566, P10272, P12522, P10837"
Q000064,hoodie,hoodie,449,click,Fashion,P12007
Q000065,watch,watch,1300,search,Fashion,"P10338, P14605, P13506, P10403, P10397"
Q000066,smartwatch,smartwatch,432,add_to_cart,Fashion,"P11009, P11132, P13168, P13459, P12192, P14874"
Q000067,tablet,tablet,1279,search,Electronics,"P12489, P11815, P13953, P13144, P10951"
Q000068,camera,camera,962,search,Electronics,"P12977, P14648, P12278"
Q000069,speaker,speaker,1254,click,Electronics,"P14365, P13631, P14808"
Q000070,keyboard,keyboard,1112,click,Electronics,"P12203, P14281"
Q000071,mouse,mouse,674,view_details,Electronics,"P12440, P10769, P13060, P13988"
Q000072,charger,charger,1354,search,Electronics,"P11145, P14837"
Q000073,case,case,741,search,Fashion,"P14557, P12197, P14011, P10900, P13173, P14024, P10849"
Q000074,bag,bag,1199,click,Fashion,P13697
Q000075,wallet,wallet,1074,search,Fashion,"P10628, P14719, P11459, P10849, P14401, P10480"
Q000076,smartphon,smartphone,333,search,Electronics,"P14753, P14844, P13570, P14774"
Q000077,mobil phone,mobile phone,264,view_details,Electronics,"P10974, P13652, P13569, P14739, P11614, P12104, P11778, P10919"
Q000078,laptap,laptop,275,add_to_cart,Electronics,"P11167, P11840, P10261, P11646, P13039, P11257"
Q000079,headphons,headphones,284,add_to_cart,Electronics,P11522
Q000080,earbuds,earbuds,192,add_to_cart,Electronics,"P14125, P13528, P14962, P13126, P13329"
Q000081,televisn,television,312,search,Electronics,"P14066, P11602, P12551, P13431, P11169, P11915"
Q000082,sneakrs,sneakers,282,add_to_cart,Fashion,"P13245, P14328"
Q000083,smartwach,smartwatch,200,click,Fashion,"P12360, P10800, P14783"
Q000084,tablit,tablet,310,search,Electronics,"P11742, P11121, P14571, P12286"
Q000085,camra,camera,182,search,Electronics,"P14932, P12107, P11175, P11993"
Q000086,speakr,speaker,179,search,Electronics,P11720
Q000087,keybord,keyboard,251,add_to_cart,Electronics,"P12668, P13338, P12254, P10735, P14428, P11018, P13147"
Q000088,chargr,charger,209,search,Electronics,"P10041, P14870, P11353, P13701"
Q000089,hoodi,hoodie,318,search,Fashion,"P14353, P14885, P10665, P10353, P10084, P14586, P13805"
Q000090,jens,jeans,152,click,Fashion,"P12107, P11093, P14739"
Q000091,notbook,notebook,222,search,Electronics,P13107
Q000092,shoos,shoes,95,click,Fashion,"P14007, P13706, P11834, P14899, P11453, P11827, P11496"
Q000093,wach,watch,113,click,Fashion,"P11012, P11372"
Q000094,shrt,shirt,349,search,Fashion,"P11970, P10758, P13636, P12310"
Q000095,walet,wallet,386,view_details,Fashion,"P13996, P10597"
Q000096,mous,mouse,114,search,Electronics,"P10363, P13334"
Q000097,cas,case,264,view_details,Fashion,"P12477, P12789, P14533, P10329, P14984, P13854, P12456, P10690"
Q000098,bg,bag,399,search,Fashion,"P14999, P11436, P13677, P11858, P10196"
Q000099,watch under 10000,watch under 10000,208,search,Electronics,"P14786, P11720, P10943, P12350, P11034, P13366"
Q000100,earbuds above 20000,earbuds above 20000,545,view_details,Electronics,"P10848, P14530, P10772"
Q000101,tv between 10000 and 20000,tv between 10000 and 20000,967,click,Electronics,"P13810, P14212, P12909, P14506, P10046, P10294"
Q000102,earbuds below 20000,earbuds below 20000,590,add_to_cart,Electronics,"P13707, P14594, P10130, P13602, P11676, P14979, P12775"
Q000103,mobile under 50000,mobile under 50000,579,view_details,Electronics,"P11838, P14433, P10788"
Q000104,sneakers under 20000,sneakers under 20000,523,click,Fashion,"P14062, P14441, P12176, P10412, P10913, P13263, P14583, P14118"
Q000105,mobile between 10000 and 20000,mobile between 10000 and 20000,442,search,Electronics,"P11181, P13660, P12537, P14405, P12917, P13119, P10657, P11807"
Q000106,sneakers above 20000,sneakers above 20000,947,click,Fashion,"P13372, P11443, P14601"
Q000107,watch under 15000,watch under 15000,261,search,Electronics,"P12308, P14416, P13823, P13215, P11075"
Q000108,headphones below 5000,headphones below 5000,624,search,Electronics,"P10614, P10680, P11232"
Q000109,headphones above 10000,headphones above 10000,732,search,Electronics,"P14826, P10084, P10815, P11094, P13314, P10089"
Q000110,earbuds above 10000,earbuds above 10000,805,search,Electronics,"P11293, P12203, P14523, P12370"
Q000111,tv below 20000,tv below 20000,462,view_details,Electronics,"P12091, P14081"
Q000112,laptop below 10000,laptop below 10000,536,search,Electronics,"P13255, P13066, P10454"
Q000113,earbuds under 30000,earbuds under 30000,891,search,Electronics,"P11639, P14039, P14960"
Q000114,tv below 5000,tv below 5000,849,click,Electronics,"P13049, P14031, P14236, P11479"
Q000115,laptop under 20000,laptop under 20000,511,search,Electronics,"P14581, P11590"
Q000116,shoes above 10000,shoes above 10000,604,click,Fashion,"P10670, P10608, P10747, P13368, P14332"
Q000117,laptop under 15000,laptop under 15000,671,search,Electronics,P14630
Q000118,earbuds below 10000,earbuds below 10000,596,search,Electronics,"P10625, P13539, P14176, P10418, P12450, P10183"
Q000119,mobile below 20000,mobile below 20000,915,search,Electronics,"P11310, P14012, P13699"
Q000120,headphones under 5000,headphones under 5000,559,view_details,Electronics,"P13568, P12044, P12340, P12888, P11884, P10256, P10075"
Q000121,headphones under 5000,headphones under 5000,737,view_details,Electronics,"P10374, P11801, P11007, P14673, P12313, P10871, P13116, P12474"
Q000122,mobile under 5000,mobile under 5000,793,view_details,Electronics,"P12129, P11598, P11863, P12677, P14500"
Q000123,mobile under 20000,mobile under 20000,510,view_details,Electronics,"P11525, P12464, P13529, P13605, P10475"
Q000124,computer under 30000,computer under 30000,346,view_details,Electronics,"P12566, P10096, P12250, P11938, P13999"
Q000125,watch below 5000,watch below 5000,629,search,Electronics,"P10566, P11034, P12684, P13248, P14716, P14467, P10689, P10807"
Q000126,shoes under 20000,shoes under 20000,296,view_details,Fashion,"P13847, P12372, P14409, P12773, P11942"
Q000127,laptop under 10000,laptop under 10000,715,search,Electronics,"P12470, P13402, P13867"
Q000128,earbuds under 50000,earbuds under 50000,315,search,Electronics,"P14121, P14594, P10812, P11896, P12928, P12162, P11781, P11113"
Q000129,earbuds under 15000,earbuds under 15000,289,search,Electronics,"P11085, P13444"
Q000130,tv under 30000,tv under 30000,984,click,Electronics,"P10353, P13733, P12690, P13346, P14011, P12955"
Q000131,laptop under 5000,laptop under 5000,211,click,Electronics,"P13502, P14657, P10570, P11467, P10379, P10856, P11842, P12698"
Q000132,phone above 10000,phone above 10000,201,add_to_cart,Electronics,"P11317, P11174, P14684, P14163, P11173"
Q000133,watch below 20000,watch below 20000,656,add_to_cart,Electronics,"P10792, P14860, P12639, P11395, P12723, P12093, P13068"
Q000134,earbuds below 5000,earbuds below 5000,813,add_to_cart,Electronics,"P11150, P14159, P10816, P11577, P13532, P11046, P11206, P13605"
Q000135,headphones under 15000,headphones under 15000,750,add_to_cart,Electronics,"P14723, P11397, P13663, P14709, P10369, P12765, P12105, P10594"
Q000136,phone above 10000,phone above 10000,808,view_details,Electronics,"P10952, P13599, P14804, P12315"
Q000137,sneakers below 10000,sneakers below 10000,740,click,Fashion,"P11989, P14335, P11978"
Q000138,mobile between 10000 and 20000,mobile between 10000 and 20000,221,search,Electronics,"P13353, P14734, P10018, P12807"
Q000139,mobile under 5000,mobile under 5000,443,search,Electronics,"P10547, P12539, P12226, P10768"
Q000140,sneakers under 20000,sneakers under 20000,263,search,Fashion,"P13596, P12443, P13303, P12042, P14873"
Q000141,shoes below 20000,shoes below 20000,464,view_details,Fashion,"P13305, P13166, P11564, P11180, P10694"
Q000142,headphones below 5000,headphones below 5000,806,search,Electronics,"P10160, P11709, P14112, P10024, P14240, P10006, P13653"
Q000143,headphones between 10000 and 20000,headphones between 10000 and 20000,394,add_to_cart,Electronics,"P12633, P10813, P10690, P11721, P11601, P11308, P13765"
Q000144,watch below 10000,watch below 10000,327,add_to_cart,Electronics,"P14959, P13851, P13043, P10322, P10979"
Q000145,tv under 30000,tv under 30000,696,search,Electronics,"P10744, P14100, P14372"
Q000146,watch between 10000 and 20000,watch between 10000 and 20000,830,search,Electronics,"P10286, P10548, P12210, P11995, P14040, P12033, P12974, P13702"
Q000147,phone above 10000,phone above 10000,704,add_to_cart,Electronics,P10826
Q000148,shoes under 15000,shoes under 15000,919,view_details,Fashion,"P13512, P11850, P11904"
Q000149,laptop undr 20000,laptop under 20000,59,view_details,Electronics,P10212
Q000150,lptop above 10000,laptop above 10000,210,search,Electronics,"P14835, P14577, P14326"
Q000151,watch undr 20000,watch under 20000,65,search,Electronics,"P14512, P14203, P11063"
Q000152,laptop undr 20000,laptop under 20000,231,click,Electronics,"P12689, P10198, P14451, P12890, P13234, P10747"
Q000153,wtch under 10000,watch under 10000,159,search,Electronics,"P12175, P13097, P11525, P13410, P10593, P11763"
Q000154,headphones undr 20000,headphones under 20000,294,search,Electronics,"P13562, P14320"
Q000155,mobil under 5000,mobile under 5000,53,search,Electronics,P14607
Q000156,wtch below 5000,watch below 5000,142,view_details,Electronics,"P10780, P13869, P11967"
Q000157,watch abov 20000,watch above 20000,243,click,Electronics,P11307
Q000158,rbuds under 5000,earbuds under 5000,161,search,Electronics,"P12349, P13582, P11050, P12742"
Q000159,watch undr 10000,watch under 10000,207,view_details,Electronics,"P12352, P11804, P13549, P13539, P12714"
Q000160,snkrs below 5000,sneakers below 5000,245,search,Fashion,P12080
Q000161,computer abov 20000,computer above 20000,217,search,Electronics,"P13284, P14248, P10149"
Q000162,tvx under 50000,tv under 50000,58,view_details,Electronics,P13735
Q000163,shoes belo 20000,shoes below 20000,197,search,Fashion,"P10360, P10145, P14591, P13813, P11405, P11960"
Q000164,mobile undr 15000,mobile under 15000,159,search,Electronics,"P10854, P13893, P14387, P14587, P10153, P10530"
Q000165,sneakers between 10000 and 20000,sneakers between 10000 and 20000,188,view_details,Fashion,"P10630, P11431, P11238, P11115"
Q000166,lptop under 10000,laptop under 10000,106,search,Electronics,"P14933, P14539"
Q000167,snkrs above 10000,sneakers above 10000,151,search,Fashion,"P12331, P11033, P12871, P14288, P11221, P13517, P11227"
Q000168,mobil under 20000,mobile under 20000,247,search,Electronics,"P11562, P14915, P14176, P13593, P13853, P10794, P12583"
Q000169,snkrs below 10000,sneakers below 10000,132,view_details,Fashion,"P10510, P10372"
Q000170,watch undr 30000,watch under 30000,93,view_details,Electronics,"P14287, P10028"
Q000171,watch undr 15000,watch under 15000,115,search,Electronics,"P12561, P13519, P13854, P11223"
Q000172,hdphons below 20000,headphones below 20000,52,view_details,Electronics,"P12283, P10185, P14715"
Q000173,mobile belo 5000,mobile below 5000,107,click,Electronics,"P12921, P11091, P14079, P12599"
Q000174,watch abov 20000,watch above 20000,101,click,Electronics,"P13695, P10670"
Q000175,tvx under 10000,tv under 10000,61,view_details,Electronics,"P13090, P14007, P11078, P13800, P13649, P10117, P12198, P10650"
Q000176,hdphons under 15000,headphones under 15000,158,search,Electronics,"P13293, P11271, P12165, P14178, P13694, P14264"
Q000177,hdphons under 10000,headphones under 10000,221,click,Electronics,"P12918, P13887, P11348, P12898"
Q000178,snkrs below 5000,sneakers below 5000,273,search,Fashion,"P14019, P10078, P10359, P14158"
Q000179,tvx between 10000 and 20000,tv between 10000 and 20000,285,click,Electronics,"P11296, P11598"
Q000180,rbuds under 10000,earbuds under 10000,167,add_to_cart,Electronics,"P14850, P13208"
Q000181,shoes undr 50000,shoes under 50000,181,click,Fashion,"P11660, P11863, P13502, P12876, P11743, P14263, P12258"
Q000182,phone undr 15000,phone under 15000,83,view_details,Electronics,"P11922, P11978, P13153, P11327, P11698, P12322, P11458, P12869"
Q000183,shoes undr 5000,shoes under 5000,212,click,Fashion,"P14406, P14888, P13504"
Q000184,laptop abov 20000,laptop above 20000,58,search,Electronics,P13299
Q000185,mobile abov 10000,mobile above 10000,94,click,Electronics,"P11789, P11274, P12835, P12913, P13772, P11677"
Q000186,computr between 10000 and 20000,computer between 10000 and 20000,88,search,Electronics,"P10166, P13692, P14835, P11568, P13081"
Q000187,tv belo 5000,tv below 5000,76,search,Electronics,"P12673, P10329, P12947, P14781, P11324, P10336"
Q000188,wtch under 10000,watch under 10000,93,click,Electronics,"P12020, P13990, P10492, P13170"
Q000189,tvx under 50000,tv under 50000,219,click,Electronics,"P10947, P10236, P12252, P11108, P14584, P12671, P12578, P13983"
Q000190,mobil between 10000 and 20000,mobile between 10000 and 20000,138,search,Electronics,"P11643, P11225, P10981, P13285, P11217, P14604, P11457, P11740"
Q000191,lptop between 10000 and 20000,laptop between 10000 and 20000,195,search,Electronics,P11889
Q000192,shoes undr 20000,shoes under 20000,285,search,Fashion,"P10714, P12161, P11407, P11008, P11376, P11906, P13491, P12142"
Q000193,sneakers belo 5000,sneakers below 5000,188,search,Fashion,"P10475, P12319, P13017, P14533, P14883, P12050, P12738"
Q000194,shos between 10000 and 20000,shoes between 10000 and 20000,59,search,Fashion,"P14468, P12196, P11851"
Q000195,tv between 10000 and 20000,tv between 10000 and 20000,246,search,Electronics,"P13722, P10922, P13050, P12280, P10912"
Q000196,sneakers between 10000 and 20000,sneakers between 10000 and 20000,69,search,Fashion,"P10013, P12888, P12094, P10697, P11801, P12500, P12872, P11868"
Q000197,snkrs below 20000,sneakers below 20000,108,view_details,Fashion,"P11864, P11959, P12577, P13571, P13445, P13018"
Q000198,sneakers belo 20000,sneakers below 20000,225,view_details,Fashion,"P13488, P11526, P12901"
Q000199,xiaomi redmi note 13,xiaomi redmi note 13,414,search,Electronics,"P13254, P12940, P14407"
Q000200,garmin forerunner,garmin forerunner,164,click,Electronics,"P11208, P12702, P13217, P10365, P14170, P10739, P10034"
Q000201,samsung galaxy watch,samsung galaxy watch,642,view_details,Electronics,"P14538, P14125, P10404, P10078, P12501, P12880, P14818, P14113"
Q000202,samsung galaxy buds,samsung galaxy buds,246,search,Electronics,"P12252, P10656, P14896, P14902"
Q000203,boat airdopes,boat airdopes,310,search,Electronics,"P13661, P13366"
Q000204,dell inspiron,dell inspiron,596,click,Electronics,"P11936, P11063, P14962, P10046, P13851"
Q000205,puma rs-x,puma rs-x,789,click,Electronics,"P12048, P12344, P14359"
Q000206,noise colorfit,noise colorfit,135,search,Electronics,"P13835, P12204, P14648, P14601, P12795, P12096, P14402, P12884"
Q000207,iphone 13,iphone 13,498,click,Electronics,"P14205, P10553, P12109, P12402, P13562, P12184, P14783, P12414"
Q000208,sony bravia,sony bravia,260,click,Electronics,"P12148, P14484, P12828"
Q000209,realme 11 pro,realme 11 pro,599,search,Electronics,"P10346, P13564"
Q000210,acer aspire,acer aspire,187,click,Electronics,"P11866, P12303, P11806, P11901, P13305, P13161"
Q000211,oppo reno 10,oppo reno 10,209,view_details,Electronics,"P11434, P14514"
Q000212,iphone 15,iphone 15,269,view_details,Electronics,"P10389, P13596"
Q000213,samsung galaxy s24,samsung galaxy s24,763,add_to_cart,Electronics,"P10157, P14279"
Q000214,acer aspire,acer aspire,411,click,Electronics,"P12476, P10882, P14071"
Q000215,asus vivobook,asus vivobook,229,click,Electronics,"P13061, P11515, P11481, P12878, P13141, P13254, P11356"
Q000216,oneplus 11,oneplus 11,156,add_to_cart,Electronics,"P11699, P10026, P12989"
Q000217,adidas ultraboost,adidas ultraboost,543,search,Electronics,P12827
Q000218,garmin forerunner,garmin forerunner,132,click,Electronics,"P11440, P14049, P10089, P14103"
Q000219,xiaomi redmi note 13,xiaomi redmi note 13,553,search,Electronics,"P12657, P12472, P13281"
Q000220,oneplus nord,oneplus nord,508,click,Electronics,"P11909, P10333, P14438"
Q000221,airpods pro,airpods pro,478,add_to_cart,Electronics,"P12743, P14242"
Q000222,airpods pro,airpods pro,397,search,Electronics,"P12712, P10385, P13898"
Q000223,xiaomi redmi note 13,xiaomi redmi note 13,196,click,Electronics,"P11642, P14871, P12781, P14914"
Q000224,dell xps 13,dell xps 13,444,search,Electronics,"P11049, P11772, P12959, P13718, P14748, P13145"
Q000225,samsung galaxy a54,samsung galaxy a54,558,view_details,Electronics,"P10664, P12506, P14934, P10710"
Q000226,lenovo thinkpad,lenovo thinkpad,629,search,Electronics,"P10439, P13783, P13885, P12934, P13833, P12299, P10308, P11796"
Q000227,oneplus buds,oneplus buds,384,search,Electronics,P11485
Q000228,oneplus 11,oneplus 11,760,search,Electronics,P10610
Q000229,acer aspire,acer aspire,483,search,Electronics,"P10257, P11102, P12611, P13195, P11164, P11781, P13108, P12505"
Q000230,iphone 14,iphone 14,773,search,Electronics,"P14206, P13368, P11688, P13472"
Q000231,dell xps 13,dell xps 13,246,add_to_cart,Electronics,"P13953, P12449, P13883, P10334, P13606, P13384"
Q000232,asus rog,asus rog,657,search,Electronics,P12030
Q000233,macbook air,macbook air,780,search,Electronics,P12695
Q000234,oneplus nord,oneplus nord,224,view_details,Electronics,"P11407, P14015"
Q000235,lg oled tv,lg oled tv,688,add_to_cart,Electronics,"P10872, P11663, P14173, P13324, P13726, P11174, P14768"
Q000236,adidas ultraboost,adidas ultraboost,249,search,Electronics,"P12932, P14531, P13522, P12805"
Q000237,asus vivobook,asus vivobook,473,search,Electronics,"P11071, P14159"
Q000238,fitbit charge,fitbit charge,298,view_details,Electronics,"P12750, P10270, P12670, P13540, P12038, P13054"
Q000239,realme watch,realme watch,274,click,Electronics,"P10038, P13372, P13618, P14284"
Q000240,oneplus buds,oneplus buds,274,click,Electronics,"P10596, P10630, P10193, P13599, P11640"
Q000241,samsung galaxy s24,samsung galaxy s24,694,view_details,Electronics,"P14857, P12243, P13099"
Q000242,samsung galaxy s24,samsung galaxy s24,330,view_details,Electronics,"P10762, P14004"
Q000243,realme 11 pro,realme 11 pro,383,search,Electronics,"P11888, P14652"
Q000244,samsung galaxy s24,samsung galaxy s24,128,click,Electronics,"P11761, P10457, P14122, P12960, P14121, P11115, P12869"
Q000245,hp victus,hp victus,268,search,Electronics,"P14277, P10963, P11340"
Q000246,oneplus nord,oneplus nord,236,click,Electronics,"P13517, P10954"
Q000247,oneplus nord,oneplus nord,630,click,Electronics,"P11739, P11683, P11351"
Q000248,hp victus,hp victus,662,add_to_cart,Electronics,"P14717, P12276"
Q000249,nke air max,nike air max,106,view_details,Electronics,P10039
Q000250,nike air max,nike air max,188,search,Electronics,"P10890, P14287, P10866, P12685, P13725, P13975"
Q000251,realme watch,realme watch,104,click,Electronics,"P10706, P10888, P10115, P12676, P10054"
Q000252,asus viobook,asus vivobook,37,search,Electronics,"P10959, P11405, P13234, P14929"
Q000253,lenovo ideapad,lenovo ideapad,145,add_to_cart,Electronics,"P14723, P13476, P13355, P14479"
Q000254,adiads ultraboost,adidas ultraboost,79,search,Electronics,"P14765, P11718, P13356"
Q000255,jbl tune,jbl tune,185,click,Electronics,"P13932, P14200"
Q000256,realme 11 pro,realme 11 pro,146,click,Electronics,P14500
Q000257,sony wh-100xm5,sony wh-1000xm5,122,add_to_cart,Electronics,"P11744, P10453, P10398"
Q000258,ass vivobok,asus vivobook,141,click,Electronics,"P11283, P11924, P14192"
Q000259,samsung glaaxy bus,samsung galaxy buds,123,click,Electronics,"P10597, P11315, P13048, P13433, P11595"
Q000260,adias ultraboost,adidas ultraboost,30,view_details,Electronics,"P13323, P11154, P13548, P13426, P10550, P14181, P12455, P10363"
Q000261,apple watch,apple watch,119,search,Electronics,"P10389, P14412, P14039, P11589, P13770, P10553, P10789, P13129"
Q000262,samsug galaxy a54,samsung galaxy a54,193,search,Electronics,"P10975, P11997, P12984, P11269, P13667"
Q000263,ass rog,asus rog,194,view_details,Electronics,P14321
Q000264,dell xps 13,dell xps 13,110,add_to_cart,Electronics,"P14166, P10067, P11746, P11500, P12318, P10056, P14766, P13962"
Q000265,lenovo thnkpad,lenovo thinkpad,178,click,Electronics,"P13432, P11520"
Q000266,realme wacth,realme watch,114,search,Electronics,"P14060, P12771, P12551, P14375, P10165"
Q000267,asus rog,asus rog,144,view_details,Electronics,"P14993, P10755, P12210"
Q000268,sony wh-1000xm5,sony wh-1000xm5,65,view_details,Electronics,"P11350, P13342, P10123, P14417, P14554, P13449, P10455, P10632"
Q000269,apple wacth,apple watch,81,add_to_cart,Electronics,P13923
Q000270,realme 11 pro,realme 11 pro,138,click,Electronics,"P11706, P14205, P14880"
Q000271,oneplus 11,oneplus 11,97,add_to_cart,Electronics,"P11172, P10332, P14998, P14193, P10871, P10944"
Q000272,macbook air,macbook air,36,view_details,Electronics,"P10414, P10373, P10753, P14503, P13678"
Q000273,sony bravia,sony bravia,197,search,Electronics,P14949
Q000274,airpos pro,airpods pro,147,click,Electronics,"P13595, P13263, P10596, P14462, P10952, P14554, P11355"
Q000275,xiaomi redmi note 13,xiaomi redmi note 13,110,click,Electronics,"P10704, P10124, P11687, P10805"
Q000276,realme 11 pro,realme 11 pro,53,search,Electronics,"P10113, P11982"
Q000277,acer aspire,acer aspire,122,search,Electronics,"P12555, P10941, P11500, P11754, P10513, P12690, P14070, P13659"
Q000278,lnovo thinkpad,lenovo thinkpad,57,click,Electronics,"P11919, P10024, P10615, P11499"
Q000279,acer aspire,acer aspire,169,search,Electronics,"P11137, P10577, P12027, P10903, P10331, P11799, P10761, P13140"
Q000280,sony bravia,sony bravia,184,click,Electronics,P14911
Q000281,mi tv,mi tv,113,click,Electronics,P14107
Q000282,apple watch,apple watch,107,click,Electronics,P14878
Q000283,fitibt charge,fitbit charge,112,search,Electronics,"P12310, P12582, P14606, P14522, P12788, P13508, P14844"
Q000284,hp victus,hp victus,94,click,Electronics,"P10305, P13593, P14126, P14408, P12666"
Q000285,iphone 14,iphone 14,70,search,Electronics,"P14372, P14918"
Q000286,mi tv,mi tv,131,click,Electronics,"P14628, P11275"
Q000287,garmin foreruner,garmin forerunner,114,search,Electronics,"P14751, P14171"
Q000288,dell xps 13,dell xps 13,178,add_to_cart,Electronics,"P10335, P11547, P12776, P14909"
Q000289,nike air max,nike air max,124,search,Electronics,"P10043, P10887, P11269, P11871, P13559"
Q000290,samsung 55 inch tv,samsung 55 inch tv,91,click,Electronics,"P13228, P10307, P11678, P11804, P12045, P14626, P13694"
Q000291,sony wh-1000xm5,sony wh-1000xm5,73,click,Electronics,P12560
Q000292,boat aidopes,boat airdopes,123,search,Electronics,"P10754, P12770, P13428, P12720, P11632, P10826, P11124"
Q000293,garmin foreunner,garmin forerunner,142,click,Electronics,"P12711, P13981"
Q000294,soy wh-1000xm5,sony wh-1000xm5,49,click,Electronics,"P10054, P10918, P12099, P12198, P11011, P13370"
Q000295,sony wh-1000xm5,sony wh-1000xm5,170,search,Electronics,"P10316, P13685, P14042, P10641"
Q000296,iphone 14,iphone 14,42,search,Electronics,"P10967, P11371, P13599"
Q000297,samsung galay a54,samsung galaxy a54,144,view_details,Electronics,P14703
Q000298,realme wtch,realme watch,63,click,Electronics,"P12233, P12402, P14143"
Q000299,65 inch tv,65 inch tv,309,click,Electronics,"P13960, P11515, P11211, P13750"
Q000300,polo shirt,polo shirt,360,add_to_cart,Fashion,P10752
Q000301,full sleeve shirt,full sleeve shirt,401,click,Fashion,"P12976, P10294, P10436, P12639, P11634, P14024"
Q000302,bluetooth headphones,bluetooth headphones,557,view_details,Electronics,"P11865, P10262"
Q000303,gaming laptop,gaming laptop,678,click,Electronics,"P13570, P13592"
Q000304,65 inch tv,65 inch tv,621,click,Electronics,"P10202, P14122, P10034"
Q000305,polo shirt,polo shirt,160,click,Fashion,"P14728, P11339, P13948, P10798, P13118"
Q000306,cotton t shirt,cotton t shirt,395,click,Fashion,"P14704, P10983, P11829, P13164, P10397, P14618, P12623"
Q000307,black jeans,black jeans,254,search,Fashion,"P12200, P14951, P11506, P11745"
Q000308,gaming headphones,gaming headphones,255,search,Electronics,"P13869, P14918, P12373, P13409, P13710, P11744, P11639"
Q000309,metal strap watch,metal strap watch,375,view_details,Electronics,"P10614, P14731, P14408, P14479, P12511, P13231, P13418, P10940"
Q000310,casual shoes,casual shoes,358,search,Fashion,"P11978, P14707, P11105, P13425"
Q000311,leather strap watch,leather strap watch,435,view_details,Electronics,"P14251, P11606"
Q000312,16gb ram laptop,16gb ram laptop,328,search,Electronics,"P11534, P13113, P12295, P11093, P13011, P12064"
Q000313,skinny jeans,skinny jeans,375,search,Fashion,"P12917, P11090, P12081"
Q000314,16gb ram laptop,16gb ram laptop,177,view_details,Electronics,"P13170, P13168"
Q000315,formal shirt,formal shirt,348,click,Fashion,"P11506, P11925, P14664, P12941, P10701, P13963, P12206, P12610"
Q000316,metal strap watch,metal strap watch,246,click,Electronics,"P14332, P10632, P11926, P11200, P13545"
Q000317,sports shoes,sports shoes,277,click,Fashion,"P11712, P12055, P12349, P11022"
Q000318,digital watch,digital watch,157,search,Electronics,"P13632, P14578, P14832, P11189"
Q000319,65 inch tv,65 inch tv,591,click,Electronics,"P14931, P12976, P11300, P14020, P14783"
Q000320,smart tv,smart tv,634,search,Electronics,"P11420, P10248, P11656, P10557"
Q000321,blue jeans,blue jeans,192,click,Fashion,"P10914, P10001, P12011, P11726"
Q000322,gaming headphones,gaming headphones,659,view_details,Electronics,"P13151, P10729, P14812, P10634"
Q000323,wireless charging phone,wireless charging phone,179,view_details,Electronics,"P11905, P10968, P13525, P14924, P10959"
Q000324,bluetooth headphones,bluetooth headphones,270,search,Electronics,"P11560, P14799, P14383, P14365"
Q000325,waterproof phone,waterproof phone,178,search,Electronics,"P12630, P10438, P10824, P10618, P14519, P13023"
Q000326,sports shoes,sports shoes,180,click,Fashion,"P13996, P13192, P11927, P14106, P11118, P12705, P11652, P10283"
Q000327,gaming mouse,gaming mouse,693,search,Electronics,"P13485, P10007, P10801, P11868, P11376, P13405, P14392, P12231"
Q000328,gaming headphones,gaming headphones,548,add_to_cart,Electronics,"P12251, P14874"
Q000329,gaming headphones,gaming headphones,588,view_details,Electronics,P13445
Q000330,formal shirt,formal shirt,470,click,Fashion,"P13104, P13820, P12009, P11428, P11595"
Q000331,formal shirt,formal shirt,186,add_to_cart,Fashion,P13035
Q000332,running shoes,running shoes,298,search,Fashion,"P10886, P10155, P12751, P10937, P13014, P10761, P11627"
Q000333,leather strap watch,leather strap watch,516,view_details,Electronics,P13755
Q000334,waterproof phone,waterproof phone,356,search,Electronics,"P12882, P12726, P10662"
Q000335,leather strap watch,leather strap watch,527,search,Electronics,P13332
Q000336,led tv,led tv,595,search,Electronics,"P11951, P11583, P13221, P10930, P11578, P11873"
Q000337,blue jeans,blue jeans,222,click,Fashion,"P12727, P11650, P11666"
Q000338,straight fit jeans,straight fit jeans,548,search,Fashion,"P14608, P10509"
Q000339,casual shoes,casual shoes,365,view_details,Fashion,"P11769, P11651, P11554"
Q000340,65 inch tv,65 inch tv,636,add_to_cart,Electronics,"P14469, P12156, P13577, P10155, P10505"
Q000341,led tv,led tv,679,search,Electronics,P11720
Q000342,oled tv,oled tv,523,search,Electronics,P14383
Q000343,bluetooth headphones,bluetooth headphones,258,click,Electronics,"P14203, P13417, P12128, P14813"
Q000344,running shoes,running shoes,218,search,Fashion,"P14073, P11176, P12162"
Q000345,digital watch,digital watch,182,view_details,Electronics,"P14096, P13039"
Q000346,55 inch tv,55 inch tv,623,search,Electronics,"P10431, P14950, P10861, P14450, P14930, P12192, P12139"
Q000347,ssd laptop,ssd laptop,676,search,Electronics,"P14661, P11127, P12963, P13145, P12991, P11048, P14930"
Q000348,leather strap watch,leather strap watch,384,click,Electronics,"P10004, P13046, P13093, P13956"
Q000349,5g smartphone,5g smartphone,99,search,Electronics,"P12114, P13755"
Q000350,ssd laptop,ssd laptop,48,search,Electronics,"P14080, P14479, P14661, P10457, P12272, P12104, P11383"
Q000351,ssd laptop,ssd laptop,60,view_details,Electronics,P13590
Q000352,gamng headphones,gaming headphones,158,search,Electronics,"P14196, P10773, P14789, P10179, P11586"
Q000353,55 inch tv,55 inch tv,166,view_details,Electronics,"P10889, P14229, P10345, P11563, P12975, P10864, P13519, P12141"
Q000354,fast chargng mobile,fast charging mobile,209,search,Electronics,"P12099, P13232, P12681, P11795, P11844, P14852"
Q000355,casual shoes,casual shoes,114,add_to_cart,Fashion,"P10223, P11733, P13802, P11688, P10893, P10115, P11446"
Q000356,wirels chargng phone,wireless charging phone,211,view_details,Electronics,"P10694, P13667"
Q000357,blutooth keyboard,bluetooth keyboard,246,search,Electronics,"P11610, P13856, P14039, P13911, P10665, P11508"
Q000358,digital watch,digital watch,123,search,Electronics,"P10260, P14218, P12670"
Q000359,full sleeve shirt,full sleeve shirt,157,click,Fashion,"P12511, P12887, P12962, P10102, P12409, P10689"
Q000360,fast chargng mobile,fast charging mobile,137,view_details,Electronics,P14031
Q000361,blutooth headphones,bluetooth headphones,61,add_to_cart,Electronics,"P12032, P14404, P13814, P10102, P14738"
Q000362,black shoes,black shoes,104,search,Fashion,"P14060, P14488, P11782, P11273"
Q000363,55 inch tv,55 inch tv,140,click,Electronics,P10173
Q000364,runing shoes,running shoes,236,search,Fashion,"P11835, P14160, P10451, P11952, P12004, P14573, P11911, P13895"
Q000365,blue jeans,blue jeans,195,add_to_cart,Fashion,"P11497, P14001, P14639, P10322"
Q000366,straight fit jeans,straight fit jeans,244,click,Fashion,"P11369, P11398, P12781, P11736"
Q000367,full sleeve shirt,full sleeve shirt,67,click,Fashion,P12434
Q000368,leather strap watch,leather strap watch,121,click,Electronics,"P10283, P10177"
Q000369,blue jeans,blue jeans,201,click,Fashion,"P12366, P12982"
Q000370,runing shoes,running shoes,101,search,Fashion,"P11657, P10196, P14496"
Q000371,analog watch,analog watch,151,search,Electronics,P13159
Q000372,formal shirt,formal shirt,72,search,Fashion,"P13649, P13920, P11186"
Q000373,white shoes,white shoes,52,search,Fashion,"P14008, P11492, P10621, P12372, P10834"
Q000374,gamng headphones,gaming headphones,235,search,Electronics,"P10195, P11373, P11157, P14633, P12821, P13803, P11101, P14460"
Q000375,analog watch,analog watch,111,view_details,Electronics,"P10218, P11394, P13697, P13252, P13707, P10941"
Q000376,casual shoes,casual shoes,62,click,Fashion,"P14142, P12664, P14260, P10506, P14590, P12362, P14276"
Q000377,leather strap watch,leather strap watch,204,click,Electronics,"P11152, P14178, P13253, P12185, P13015, P12843, P10659, P14162"
Q000378,touchscreen laptop,touchscreen laptop,169,click,Electronics,"P12333, P11683"
Q000379,sports shoes,sports shoes,248,click,Fashion,"P11960, P11284, P14492, P11276"
Q000380,oled tv,oled tv,171,search,Electronics,"P13844, P10576"
Q000381,gamng laptop,gaming laptop,207,search,Electronics,"P10463, P12566, P12796, P13067"
Q000382,blutooth headphones,bluetooth headphones,107,click,Electronics,"P12015, P14768"
Q000383,oled tv,oled tv,183,click,Electronics,"P10828, P12221, P13486, P12211, P11369, P10737, P11579, P14989"
Q000384,4k tv,4k tv,62,click,Electronics,"P11145, P12060, P12875, P14149, P14394"
Q000385,ssd laptop,ssd laptop,109,view_details,Electronics,"P11054, P13614, P10457"
Q000386,ssd laptop,ssd laptop,40,search,Electronics,"P11798, P12116, P11620, P11854, P11442, P14019, P11276, P11067"
Q000387,fast chargng mobile,fast charging mobile,193,click,Electronics,"P10416, P14345, P13787, P13122"
Q000388,white shoes,white shoes,159,search,Fashion,"P11321, P12680, P12312, P12530, P14794, P10863, P13607, P14849"
Q000389,digital watch,digital watch,80,search,Electronics,P11736
Q000390,gamng mouse,gaming mouse,108,view_details,Electronics,"P12292, P12916"
Q000391,touchscreen laptop,touchscreen laptop,217,click,Electronics,"P11027, P12310, P13755, P12660, P13765, P12123, P10210"
Q000392,mechanical keyboard,mechanical keyboard,194,search,Electronics,"P10921, P13417, P14100, P13133, P11528, P13585, P13757"
Q000393,blue jeans,blue jeans,143,click,Fashion,"P12307, P11950, P12278, P13179, P14581, P11047, P10251"
Q000394,casual shoes,casual shoes,217,search,Fashion,"P12951, P10715, P10091"
Q000395,oled tv,oled tv,53,view_details,Electronics,"P13522, P14363, P12120, P12934, P13371"
Q000396,55 inch tv,55 inch tv,174,click,Electronics,"P10168, P10012, P12442, P11104, P13710, P12115, P14621"
Q000397,gamng headphones,gaming headphones,156,view_details,Electronics,"P11966, P11841"
Q000398,noise cancelling headphones,noise cancelling headphones,62,click,Electronics,P14215
